,GBR,FIN,CHS,PUR,CDX,CLM,IBS,PEL,PJL,KHV,ACB,GWD,ESN,BEB,MSL,STU,ITU,CEU,YRI,CHB,JPT,LWK,ASW,MXL,TSI,GIH
101709563,0.06043956043956044,0.10101010101010101,0.07142857142857142,0.10096153846153846,0.026881720430107527,0.2127659574468085,0.028037383177570093,0.6941176470588235,0.046875,0.06060606060606061,0.026041666666666668,0.008849557522123894,0.025252525252525252,0.06395348837209303,0.0058823529411764705,0.0196078431372549,0.029411764705882353,0.045454545454545456,0.013888888888888888,0.11165048543689321,0.125,0.010101010101010102,0.03278688524590164,0.3671875,0.03271028037383177,0.043689320388349516
151122489,0.6703296703296703,0.6515151515151515,0.8238095238095238,0.6298076923076923,0.8602150537634409,0.6063829787234043,0.6495327102803738,0.7411764705882353,0.8229166666666666,0.8636363636363636,0.078125,0.02654867256637168,0.0,0.7848837209302325,0.0,0.7352941176470589,0.7401960784313726,0.6111111111111112,0.004629629629629629,0.8737864077669902,0.8605769230769231,0.03535353535353535,0.09016393442622951,0.7890625,0.7429906542056075,0.8252427184466019
159174683,0.0,0.0,0.0,0.13942307692307693,0.0,0.07446808510638298,0.018691588785046728,0.041176470588235294,0.0,0.0,0.8854166666666666,1.0,1.0,0.0,1.0,0.0,0.0,0.0,0.9953703703703703,0.0,0.0,1.0,0.7950819672131147,0.03125,0.009345794392523364,0.0
7968275,0.8186813186813187,0.8737373737373737,0.5952380952380952,0.5961538461538461,0.6666666666666666,0.6914893617021277,0.8084112149532711,0.7176470588235294,0.6354166666666666,0.6060606060606061,0.078125,0.05309734513274336,0.03535353535353535,0.7209302325581395,0.047058823529411764,0.696078431372549,0.6666666666666666,0.8181818181818182,0.032407407407407406,0.6359223300970874,0.6634615384615384,0.05555555555555555,0.1885245901639344,0.71875,0.780373831775701,0.6310679611650486
17362568,0.06043956043956044,0.14646464646464646,0.780952380952381,0.125,0.7903225806451613,0.16489361702127658,0.08878504672897196,0.45294117647058824,0.234375,0.7828282828282829,0.010416666666666666,0.0,0.0,0.23255813953488372,0.0,0.23529411764705882,0.22549019607843138,0.015151515151515152,0.0,0.7233009708737864,0.7980769230769231,0.005050505050505051,0.0,0.203125,0.07476635514018691,0.19902912621359223
17901485,0.08241758241758242,0.12121212121212122,0.6190476190476191,0.1971153846153846,0.7580645161290323,0.2712765957446808,0.0514018691588785,0.7235294117647059,0.2916666666666667,0.7171717171717171,0.015625,0.0,0.0,0.4069767441860465,0.0,0.35294117647058826,0.36764705882352944,0.030303030303030304,0.0,0.6844660194174758,0.7596153846153846,0.0,0.040983606557377046,0.484375,0.037383177570093455,0.3786407766990291
109513601,0.0,0.05555555555555555,0.9047619047619048,0.17307692307692307,0.8978494623655914,0.2393617021276596,0.0,0.7588235294117647,0.0,0.8232323232323232,0.0,0.0,0.0,0.05232558139534884,0.0,0.004901960784313725,0.0,0.0,0.0,0.9368932038834952,0.8028846153846154,0.0,0.03278688524590164,0.484375,0.0,0.014563106796116505
109579738,0.9120879120879121,0.8535353535353535,0.06190476190476191,0.6826923076923077,0.043010752688172046,0.6861702127659575,0.9439252336448598,0.22941176470588234,0.9010416666666666,0.10606060606060606,0.375,0.41150442477876104,0.398989898989899,0.8430232558139535,0.37058823529411766,0.8872549019607843,0.8921568627450981,0.9343434343434344,0.3101851851851852,0.02912621359223301,0.07692307692307693,0.35858585858585856,0.36885245901639346,0.484375,0.9626168224299065,0.9029126213592233
136707982,0.2802197802197802,0.4090909090909091,1.0,0.7932692307692307,1.0,0.6914893617021277,0.5420560747663551,0.8823529411764706,0.734375,1.0,0.9322916666666666,1.0,1.0,0.936046511627907,1.0,0.9362745098039216,0.9362745098039216,0.25252525252525254,1.0,1.0,1.0,1.0,0.8278688524590164,0.7421875,0.9065420560747663,0.8495145631067961
158667217,0.8736263736263736,0.8787878787878788,0.9095238095238095,0.7211538461538461,0.9139784946236559,0.8457446808510638,0.8878504672897196,0.8705882352941177,0.9010416666666666,0.898989898989899,0.15625,0.07079646017699115,0.03535353535353535,0.9127906976744186,0.023529411764705882,0.9068627450980392,0.8578431372549019,0.8535353535353535,0.027777777777777776,0.912621359223301,0.8846153846153846,0.08080808080808081,0.19672131147540983,0.84375,0.8878504672897196,0.9368932038834952
121459589,0.08791208791208792,0.0707070707070707,0.09523809523809523,0.15384615384615385,0.043010752688172046,0.2393617021276596,0.028037383177570093,0.6470588235294118,0.03125,0.11616161616161616,0.010416666666666666,0.0,0.0,0.05232558139534884,0.0,0.03431372549019608,0.024509803921568627,0.050505050505050504,0.0,0.07766990291262135,0.08653846153846154,0.010101010101010102,0.040983606557377046,0.5,0.11214953271028037,0.043689320388349516
38815502,0.45054945054945056,0.3434343434343434,1.0,0.7259615384615384,1.0,0.7340425531914894,0.616822429906542,0.9058823529411765,0.9791666666666666,1.0,0.9583333333333334,1.0,1.0,0.9883720930232558,1.0,0.9901960784313726,0.9950980392156863,0.41414141414141414,1.0,1.0,1.0,1.0,0.8688524590163934,0.8359375,0.6261682242990654,0.9757281553398058
100239319,0.9945054945054945,1.0,0.24285714285714285,0.9375,0.3655913978494624,0.925531914893617,0.9345794392523364,0.9882352941176471,0.9583333333333334,0.35353535353535354,0.9895833333333334,1.0,1.0,0.9825581395348837,1.0,0.9950980392156863,0.9852941176470589,0.9848484848484849,1.0,0.2912621359223301,0.2692307692307692,1.0,1.0,0.9140625,0.9485981308411215,0.9757281553398058
100244319,0.0,0.0,0.5476190476190477,0.0,0.3333333333333333,0.0,0.0,0.0,0.0,0.3484848484848485,0.0,0.0,0.0,0.0,0.0,0.0,0.0,0.0,0.0,0.5922330097087378,0.7019230769230769,0.0,0.0,0.0,0.0,0.0
105375423,0.01098901098901099,0.0,0.15714285714285714,0.057692307692307696,0.23118279569892472,0.05319148936170213,0.037383177570093455,0.052941176470588235,0.026041666666666668,0.1414141414141414,0.6458333333333334,0.8672566371681416,0.8383838383838383,0.12209302325581395,0.8647058823529412,0.09803921568627451,0.06372549019607843,0.04040404040404041,0.8194444444444444,0.1796116504854369,0.11538461538461539,0.8131313131313131,0.6475409836065574,0.0625,0.018691588785046728,0.043689320388349516
6845035,0.08791208791208792,0.10606060606060606,0.4857142857142857,0.14423076923076922,0.43010752688172044,0.20212765957446807,0.03271028037383177,0.7411764705882353,0.15104166666666666,0.3888888888888889,0.057291666666666664,0.07079646017699115,0.07575757575757576,0.23837209302325582,0.07647058823529412,0.11274509803921569,0.11764705882352941,0.08080808080808081,0.046296296296296294,0.5242718446601942,0.4375,0.05555555555555555,0.09836065573770492,0.390625,0.06074766355140187,0.1262135922330097
33951693,0.978021978021978,0.9595959595959596,0.004761904761904762,0.5865384615384616,0.0,0.6382978723404256,0.8177570093457944,0.1588235294117647,0.057291666666666664,0.010101010101010102,0.08854166666666667,0.004424778761061947,0.0,0.040697674418604654,0.011764705882352941,0.058823529411764705,0.049019607843137254,0.9797979797979798,0.0,0.014563106796116505,0.0,0.005050505050505051,0.21311475409836064,0.4140625,0.9672897196261683,0.08737864077669903
170202984,0.7747252747252747,0.8131313131313131,0.9904761904761905,0.7884615384615384,0.9623655913978495,0.8404255319148937,0.7289719626168224,0.9352941176470588,0.9114583333333334,0.9494949494949495,0.6875,0.584070796460177,0.7373737373737373,0.9186046511627907,0.6823529411764706,0.9019607843137255,0.8480392156862745,0.7878787878787878,0.6805555555555556,0.9611650485436893,0.9903846153846154,0.6363636363636364,0.6885245901639344,0.8828125,0.8271028037383178,0.9320388349514563
90518278,0.9230769230769231,0.8939393939393939,0.38571428571428573,0.6971153846153846,0.3064516129032258,0.7180851063829787,0.9065420560747663,0.3588235294117647,0.7708333333333334,0.35858585858585856,0.6197916666666666,0.6946902654867256,0.51010101010101,0.7674418604651163,0.5705882352941176,0.7205882352941176,0.7647058823529411,0.9292929292929293,0.5601851851851852,0.33980582524271846,0.2548076923076923,0.6161616161616161,0.639344262295082,0.65625,0.9205607476635514,0.7378640776699029
136482727,0.0,0.05555555555555555,0.0761904761904762,0.22596153846153846,0.10215053763440861,0.22340425531914893,0.037383177570093455,0.3588235294117647,0.041666666666666664,0.12121212121212122,0.7552083333333334,0.8716814159292036,0.9393939393939394,0.06395348837209303,0.888235294117647,0.07352941176470588,0.06372549019607843,0.0,0.9120370370370371,0.07281553398058252,0.1778846153846154,0.8333333333333334,0.7295081967213115,0.2734375,0.004672897196261682,0.08737864077669903
28172586,0.23076923076923078,0.2222222222222222,0.9666666666666667,0.40865384615384615,0.967741935483871,0.425531914893617,0.29439252336448596,0.6882352941176471,0.5,0.9292929292929293,0.75,0.6991150442477876,0.797979797979798,0.5523255813953488,0.7588235294117647,0.5637254901960784,0.5833333333333334,0.19696969696969696,0.8009259259259259,0.9854368932038835,0.9855769230769231,0.8434343434343434,0.7213114754098361,0.546875,0.22897196261682243,0.5242718446601942
31896592,0.9725274725274725,0.9848484848484849,1.0,0.8894230769230769,0.989247311827957,0.9148936170212766,0.9672897196261683,0.9882352941176471,0.9583333333333334,0.9949494949494949,0.3177083333333333,0.2831858407079646,0.21212121212121213,0.9767441860465116,0.23529411764705882,0.9705882352941176,0.9411764705882353,0.9797979797979798,0.18518518518518517,0.9902912621359223,0.9951923076923077,0.2878787878787879,0.38524590163934425,0.9921875,0.9672897196261683,0.941747572815534
110602317,0.13186813186813187,0.08585858585858586,0.014285714285714285,0.25961538461538464,0.016129032258064516,0.23404255319148937,0.17757009345794392,0.3176470588235294,0.3072916666666667,0.025252525252525252,0.6822916666666666,0.7123893805309734,0.7373737373737373,0.3372093023255814,0.7764705882352941,0.38235294117647056,0.2647058823529412,0.17676767676767677,0.7175925925925926,0.024271844660194174,0.004807692307692308,0.6262626262626263,0.5655737704918032,0.3046875,0.14485981308411214,0.34951456310679613
122124302,0.2802197802197802,0.35858585858585856,0.9952380952380953,0.46153846153846156,1.0,0.5797872340425532,0.22429906542056074,0.8705882352941177,0.78125,1.0,0.9427083333333334,0.9734513274336283,1.0,0.7965116279069767,1.0,0.8284313725490197,0.7892156862745098,0.31313131313131315,1.0,1.0,1.0,0.9646464646464646,0.8442622950819673,0.671875,0.3037383177570093,0.8543689320388349
145639681,0.0,0.0,0.0,0.10096153846153846,0.0,0.0851063829787234,0.028037383177570093,0.047058823529411764,0.0,0.0,0.8802083333333334,0.911504424778761,0.9797979797979798,0.005813953488372093,0.9588235294117647,0.0,0.0,0.0,0.9814814814814815,0.0,0.0,0.8686868686868687,0.7622950819672131,0.046875,0.004672897196261682,0.0
127267689,0.0,0.010101010101010102,0.3,0.11538461538461539,0.34946236559139787,0.09574468085106383,0.0514018691588785,0.058823529411764705,0.13541666666666666,0.3939393939393939,0.7604166666666666,0.8451327433628318,0.9090909090909091,0.10465116279069768,0.9,0.13725490196078433,0.1323529411764706,0.015151515151515152,0.9305555555555556,0.2961165048543689,0.23076923076923078,0.7929292929292929,0.5983606557377049,0.078125,0.028037383177570093,0.10194174757281553
94921065,0.13186813186813187,0.15151515151515152,0.9095238095238095,0.16826923076923078,0.8225806451612904,0.3351063829787234,0.12149532710280374,0.6588235294117647,0.3229166666666667,0.8888888888888888,0.046875,0.004424778761061947,0.005050505050505051,0.45348837209302323,0.011764705882352941,0.46568627450980393,0.43137254901960786,0.10101010101010101,0.004629629629629629,0.9174757281553398,0.7836538461538461,0.015151515151515152,0.06557377049180328,0.5078125,0.11214953271028037,0.2961165048543689
61597212,0.18681318681318682,0.25252525252525254,0.5761904761904761,0.3173076923076923,0.7688172043010753,0.3404255319148936,0.11682242990654206,0.7764705882352941,0.09895833333333333,0.7777777777777778,0.005208333333333333,0.004424778761061947,0.0,0.12209302325581395,0.0,0.09313725490196079,0.04411764705882353,0.16161616161616163,0.009259259259259259,0.35436893203883496,0.3317307692307692,0.005050505050505051,0.05737704918032787,0.59375,0.09345794392523364,0.019417475728155338
113296286,0.16483516483516483,0.16666666666666666,0.3619047619047619,0.1875,0.45161290322580644,0.14893617021276595,0.1261682242990654,0.4176470588235294,0.2604166666666667,0.42424242424242425,0.125,0.15486725663716813,0.16161616161616163,0.27906976744186046,0.23529411764705882,0.3088235294117647,0.3333333333333333,0.13636363636363635,0.17592592592592593,0.45145631067961167,0.38461538461538464,0.12121212121212122,0.21311475409836064,0.390625,0.1542056074766355,0.25728155339805825
112211833,0.3076923076923077,0.35858585858585856,0.9285714285714286,0.4230769230769231,0.9301075268817204,0.4627659574468085,0.29906542056074764,0.3,0.6302083333333334,0.9292929292929293,0.9114583333333334,0.9867256637168141,1.0,0.6918604651162791,1.0,0.7401960784313726,0.7254901960784313,0.3484848484848485,1.0,0.9514563106796117,0.9182692307692307,1.0,0.7950819672131147,0.515625,0.2570093457943925,0.6650485436893204
112241766,0.0,0.0,0.2714285714285714,0.0,0.043010752688172046,0.0,0.0,0.0058823529411764705,0.0,0.13636363636363635,0.005208333333333333,0.004424778761061947,0.0,0.0,0.0,0.0,0.0,0.0,0.0,0.16019417475728157,0.2403846153846154,0.0,0.0,0.0078125,0.0,0.0
34847737,0.9835164835164835,0.9343434343434344,0.22857142857142856,0.7788461538461539,0.44623655913978494,0.7446808510638298,0.9766355140186916,0.29411764705882354,0.8072916666666666,0.3686868686868687,0.7395833333333334,0.8141592920353983,0.7626262626262627,0.7558139534883721,0.7705882352941177,0.7794117647058824,0.7598039215686274,0.898989898989899,0.8194444444444444,0.32524271844660196,0.19230769230769232,0.8636363636363636,0.7213114754098361,0.4375,0.9299065420560748,0.8009708737864077
41715282,0.8516483516483516,0.7777777777777778,0.3904761904761905,0.7355769230769231,0.26344086021505375,0.824468085106383,0.8411214953271028,0.8529411764705882,0.6927083333333334,0.2777777777777778,0.16145833333333334,0.02654867256637168,0.030303030303030304,0.6395348837209303,0.023529411764705882,0.6274509803921569,0.6568627450980392,0.8282828282828283,0.013888888888888888,0.38349514563106796,0.42788461538461536,0.045454545454545456,0.20491803278688525,0.8515625,0.8598130841121495,0.7330097087378641
42579985,0.4175824175824176,0.45454545454545453,0.3523809523809524,0.42788461538461536,0.3333333333333333,0.5212765957446809,0.27102803738317754,0.8117647058823529,0.3489583333333333,0.3434343434343434,0.0625,0.0,0.0,0.3546511627906977,0.0,0.30392156862745096,0.37745098039215685,0.3939393939393939,0.0,0.4077669902912621,0.5384615384615384,0.010101010101010102,0.08196721311475409,0.59375,0.34579439252336447,0.33980582524271846
49070512,0.038461538461538464,0.005050505050505051,0.009523809523809525,0.15865384615384615,0.03763440860215054,0.09042553191489362,0.04672897196261682,0.03529411764705882,0.015625,0.005050505050505051,0.703125,0.7920353982300885,0.8484848484848485,0.023255813953488372,0.8411764705882353,0.05392156862745098,0.04411764705882353,0.020202020202020204,0.8333333333333334,0.009708737864077669,0.004807692307692308,0.8484848484848485,0.6639344262295082,0.09375,0.037383177570093455,0.03398058252427184
111827167,0.7912087912087912,0.7626262626262627,0.0,0.5288461538461539,0.021505376344086023,0.5691489361702128,0.7149532710280374,0.20588235294117646,0.28125,0.03535353535353535,0.109375,0.035398230088495575,0.0,0.23255813953488372,0.029411764705882353,0.14705882352941177,0.15196078431372548,0.7626262626262627,0.027777777777777776,0.0048543689320388345,0.0,0.05555555555555555,0.19672131147540983,0.359375,0.7897196261682243,0.25728155339805825
99375321,0.15384615384615385,0.21212121212121213,0.7238095238095238,0.35096153846153844,0.7311827956989247,0.4308510638297872,0.21495327102803738,0.7294117647058823,0.2916666666666667,0.7626262626262627,0.6354166666666666,0.6504424778761062,0.6717171717171717,0.4883720930232558,0.6823529411764706,0.3480392156862745,0.37254901960784315,0.1414141414141414,0.7222222222222222,0.7961165048543689,0.7307692307692307,0.6313131313131313,0.6475409836065574,0.671875,0.1308411214953271,0.33980582524271846
28197037,0.0,0.0,0.6047619047619047,0.0,0.6236559139784946,0.0,0.0,0.0,0.005208333333333333,0.5909090909090909,0.005208333333333333,0.0,0.0,0.005813953488372093,0.0,0.0,0.0,0.0,0.0,0.5922330097087378,0.5721153846153846,0.0,0.0,0.0,0.0,0.009708737864077669
28365618,0.8186813186813187,0.9090909090909091,0.009523809523809525,0.23076923076923078,0.0,0.26595744680851063,0.32242990654205606,0.11176470588235295,0.09895833333333333,0.0,0.078125,0.022123893805309734,0.0,0.09883720930232558,0.0,0.029411764705882353,0.049019607843137254,0.7676767676767676,0.0,0.0,0.0,0.0,0.13934426229508196,0.1796875,0.4205607476635514,0.0825242718446602
36220035,0.038461538461538464,0.09595959595959595,0.0,0.10576923076923077,0.005376344086021506,0.11702127659574468,0.009345794392523364,0.32941176470588235,0.015625,0.010101010101010102,0.015625,0.0,0.0,0.011627906976744186,0.0,0.004901960784313725,0.00980392156862745,0.045454545454545456,0.0,0.0048543689320388345,0.004807692307692308,0.0,0.01639344262295082,0.296875,0.03271028037383177,0.009708737864077669
45152371,0.13186813186813187,0.16161616161616163,0.45714285714285713,0.25,0.3924731182795699,0.2712765957446808,0.09345794392523364,0.5823529411764706,0.28125,0.3888888888888889,0.875,0.9823008849557522,0.9747474747474747,0.29069767441860467,0.9823529411764705,0.09803921568627451,0.23529411764705882,0.08080808080808081,0.9953703703703703,0.39805825242718446,0.42788461538461536,0.9595959595959596,0.8114754098360656,0.4140625,0.07476635514018691,0.2524271844660194
48426484,0.0,0.010101010101010102,0.9809523809523809,0.23076923076923078,1.0,0.28191489361702127,0.0,0.7176470588235294,0.21875,0.9949494949494949,0.8958333333333334,0.9247787610619469,0.9747474747474747,0.46511627906976744,0.9117647058823529,0.5147058823529411,0.3480392156862745,0.0,0.9861111111111112,0.970873786407767,0.9951923076923077,0.9242424242424242,0.8114754098360656,0.484375,0.004672897196261682,0.04854368932038835
89730827,0.43956043956043955,0.4444444444444444,0.02857142857142857,0.4375,0.005376344086021506,0.39361702127659576,0.49065420560747663,0.12941176470588237,0.25,0.010101010101010102,0.21354166666666666,0.1504424778761062,0.1717171717171717,0.1686046511627907,0.12941176470588237,0.1715686274509804,0.17647058823529413,0.4292929292929293,0.1574074074074074,0.014563106796116505,0.019230769230769232,0.18181818181818182,0.20491803278688525,0.34375,0.5700934579439252,0.16990291262135923
40658533,0.24725274725274726,0.31313131313131315,0.03333333333333333,0.1778846153846154,0.005376344086021506,0.23404255319148937,0.29439252336448596,0.40588235294117647,0.11458333333333333,0.005050505050505051,0.20833333333333334,0.1504424778761062,0.21212121212121213,0.11046511627906977,0.16470588235294117,0.17647058823529413,0.19117647058823528,0.23737373737373738,0.19444444444444445,0.038834951456310676,0.004807692307692308,0.1919191919191919,0.22131147540983606,0.328125,0.19626168224299065,0.15048543689320387
41056245,0.2032967032967033,0.21717171717171718,0.1761904761904762,0.27884615384615385,0.21505376344086022,0.3404255319148936,0.1588785046728972,0.3058823529411765,0.3333333333333333,0.18686868686868688,0.859375,0.9690265486725663,1.0,0.29069767441860467,0.9882352941176471,0.30392156862745096,0.3333333333333333,0.23737373737373738,0.9861111111111112,0.14563106796116504,0.07692307692307693,0.9848484848484849,0.7786885245901639,0.3046875,0.19158878504672897,0.28640776699029125
48726132,0.23076923076923078,0.29797979797979796,0.0,0.1875,0.005376344086021506,0.2127659574468085,0.26635514018691586,0.17647058823529413,0.09895833333333333,0.0,0.020833333333333332,0.004424778761061947,0.0,0.13953488372093023,0.0,0.1323529411764706,0.11764705882352941,0.29797979797979796,0.009259259259259259,0.0,0.0,0.005050505050505051,0.040983606557377046,0.2109375,0.27102803738317754,0.16019417475728157
53568884,0.06593406593406594,0.06565656565656566,0.10952380952380952,0.02403846153846154,0.17204301075268819,0.0425531914893617,0.056074766355140186,0.03529411764705882,0.08333333333333333,0.15151515151515152,0.046875,0.06637168141592921,0.045454545454545456,0.13372093023255813,0.041176470588235294,0.10784313725490197,0.07352941176470588,0.0707070707070707,0.08333333333333333,0.11165048543689321,0.10576923076923077,0.06060606060606061,0.02459016393442623,0.0546875,0.018691588785046728,0.0825242718446602
62987151,0.8516483516483516,0.8333333333333334,0.7714285714285715,0.7403846153846154,0.6505376344086021,0.6808510638297872,0.7616822429906542,0.8352941176470589,0.7864583333333334,0.6919191919191919,0.13541666666666666,0.05309734513274336,0.0,0.8255813953488372,0.0058823529411764705,0.7794117647058824,0.8088235294117647,0.8888888888888888,0.004629629629629629,0.8009708737864077,0.7596153846153846,0.07575757575757576,0.18032786885245902,0.796875,0.7616822429906542,0.7766990291262136
35277622,0.08791208791208792,0.09090909090909091,0.0,0.10576923076923077,0.0,0.13829787234042554,0.018691588785046728,0.40588235294117647,0.036458333333333336,0.0,0.0,0.0,0.0,0.011627906976744186,0.0,0.004901960784313725,0.03431372549019608,0.04040404040404041,0.0,0.0,0.0,0.0,0.01639344262295082,0.3359375,0.014018691588785047,0.014563106796116505
40488279,0.027472527472527472,0.045454545454545456,0.5666666666666667,0.07692307692307693,0.7311827956989247,0.16489361702127658,0.018691588785046728,0.35294117647058826,0.13541666666666666,0.6161616161616161,0.026041666666666668,0.022123893805309734,0.03535353535353535,0.19186046511627908,0.023529411764705882,0.1323529411764706,0.08823529411764706,0.045454545454545456,0.023148148148148147,0.616504854368932,0.5048076923076923,0.020202020202020204,0.06557377049180328,0.1796875,0.018691588785046728,0.1650485436893204
67578931,0.9505494505494505,0.9797979797979798,1.0,0.8317307692307693,0.9838709677419355,0.9308510638297872,0.9345794392523364,0.9529411764705882,0.9479166666666666,0.9949494949494949,0.21354166666666666,0.08849557522123894,0.1414141414141414,0.8953488372093024,0.10588235294117647,0.9215686274509803,0.9509803921568627,0.9595959595959596,0.10185185185185185,1.0,1.0,0.18181818181818182,0.26229508196721313,0.9453125,0.9766355140186916,0.9271844660194175
67867663,0.8846153846153846,0.9393939393939394,1.0,0.7692307692307693,0.9838709677419355,0.8563829787234043,0.9065420560747663,0.8705882352941177,0.8958333333333334,0.9848484848484849,0.18229166666666666,0.084070796460177,0.09090909090909091,0.8430232558139535,0.041176470588235294,0.8725490196078431,0.9019607843137255,0.8787878787878788,0.06018518518518518,1.0,1.0,0.17676767676767677,0.21311475409836064,0.8671875,0.9205607476635514,0.8883495145631068
4077096,0.19230769230769232,0.19696969696969696,0.004761904761904762,0.2644230769230769,0.010752688172043012,0.2074468085106383,0.2757009345794392,0.09411764705882353,0.21875,0.005050505050505051,0.8489583333333334,0.9026548672566371,0.9191919191919192,0.1744186046511628,0.9117647058823529,0.20098039215686275,0.24019607843137256,0.25757575757575757,0.9351851851851852,0.0048543689320388345,0.038461538461538464,0.8636363636363636,0.819672131147541,0.1640625,0.2336448598130841,0.19902912621359223
62159504,0.09340659340659341,0.04040404040404041,0.05238095238095238,0.1778846153846154,0.03225806451612903,0.12234042553191489,0.06074766355140187,0.10588235294117647,0.3645833333333333,0.045454545454545456,0.8645833333333334,0.911504424778761,0.9343434343434344,0.37790697674418605,0.9588235294117647,0.44607843137254904,0.3872549019607843,0.11616161616161616,0.9583333333333334,0.03398058252427184,0.014423076923076924,0.9494949494949495,0.680327868852459,0.0703125,0.0514018691588785,0.45145631067961167
41697338,0.36813186813186816,0.3282828282828283,0.10476190476190476,0.38461538461538464,0.05913978494623656,0.5053191489361702,0.2757009345794392,0.788235294117647,0.3854166666666667,0.07575757575757576,0.17708333333333334,0.084070796460177,0.10606060606060606,0.37209302325581395,0.041176470588235294,0.39215686274509803,0.35784313725490197,0.40404040404040403,0.12962962962962962,0.0825242718446602,0.052884615384615384,0.10101010101010101,0.18032786885245902,0.671875,0.27102803738317754,0.36893203883495146
