M,T,K,epsilon,result
50,0.25,5,0.65,0.0
50,0.25,5,0.75,0.0
50,0.3,5,0.65,0.0
50,0.3,5,0.75,0.0
50,0.35,5,0.65,0.0
50,0.35,5,0.75,0.0
50,0.4,5,0.65,0.0
50,0.4,5,0.75,0.0
50,0.45,5,0.65,0.01
50,0.45,5,0.75,0.0
50,0.5,5,0.65,0.01
50,0.5,5,0.75,0.0
50,0.55,5,0.65,0.03
50,0.55,5,0.75,0.0
50,0.6,5,0.65,0.02
50,0.6,5,0.75,0.0
50,0.65,5,0.65,0.04
50,0.65,5,0.75,0.01
50,0.7,5,0.75,0.03
50,0.75,5,0.75,0.04
100,0.25,5,0.65,0.0
100,0.25,5,0.75,0.0
100,0.3,5,0.65,0.0
100,0.3,5,0.75,0.0
100,0.35,5,0.65,0.0
100,0.35,5,0.75,0.0
100,0.4,5,0.65,0.0
100,0.4,5,0.75,0.0
100,0.45,5,0.65,0.0
100,0.45,5,0.75,0.0
100,0.5,5,0.65,0.0
100,0.5,5,0.75,0.0
100,0.55,5,0.65,0.0
100,0.55,5,0.75,0.0
100,0.6,5,0.65,0.04
100,0.6,5,0.75,0.0
100,0.65,5,0.65,0.06
100,0.65,5,0.75,0.0
100,0.7,5,0.75,0.0
100,0.75,5,0.75,0.07
200,0.25,5,0.65,0.0
200,0.25,5,0.75,0.0
200,0.3,5,0.65,0.0
200,0.3,5,0.75,0.0
200,0.35,5,0.65,0.0
200,0.35,5,0.75,0.0
200,0.4,5,0.65,0.0
200,0.4,5,0.75,0.0
200,0.45,5,0.65,0.0
200,0.45,5,0.75,0.0
200,0.5,5,0.65,0.0
200,0.5,5,0.75,0.0
200,0.55,5,0.65,0.0
200,0.55,5,0.75,0.0
200,0.6,5,0.65,0.01
200,0.6,5,0.75,0.0
200,0.65,5,0.65,0.1
200,0.65,5,0.75,0.0
200,0.7,5,0.75,0.02
200,0.75,5,0.75,0.02
250,0.25,5,0.65,0.0
250,0.25,5,0.75,0.0
250,0.3,5,0.65,0.0
250,0.3,5,0.75,0.0
250,0.35,5,0.65,0.0
250,0.35,5,0.75,0.0
250,0.4,5,0.65,0.0
250,0.4,5,0.75,0.0
250,0.45,5,0.65,0.0
250,0.45,5,0.75,0.0
250,0.5,5,0.65,0.0
250,0.5,5,0.75,0.0
250,0.55,5,0.65,0.0
250,0.55,5,0.75,0.0
250,0.6,5,0.65,0.01
250,0.6,5,0.75,0.0
250,0.65,5,0.65,0.06
250,0.65,5,0.75,0.0
250,0.7,5,0.75,0.0
250,0.75,5,0.75,0.07
300,0.25,5,0.65,0.0
300,0.25,5,0.75,0.0
300,0.3,5,0.65,0.0
300,0.3,5,0.75,0.0
300,0.35,5,0.65,0.0
300,0.35,5,0.75,0.0
300,0.4,5,0.65,0.0
300,0.4,5,0.75,0.0
300,0.45,5,0.65,0.0
300,0.45,5,0.75,0.0
300,0.5,5,0.65,0.0
300,0.5,5,0.75,0.0
300,0.55,5,0.65,0.0
300,0.55,5,0.75,0.0
300,0.6,5,0.65,0.0
300,0.6,5,0.75,0.0
300,0.65,5,0.65,0.11
300,0.65,5,0.75,0.0
300,0.7,5,0.75,0.01
300,0.75,5,0.75,0.07
350,0.25,5,0.65,0.0
350,0.25,5,0.75,0.0
350,0.3,5,0.65,0.0
350,0.3,5,0.75,0.0
350,0.35,5,0.65,0.0
350,0.35,5,0.75,0.0
350,0.4,5,0.65,0.0
350,0.4,5,0.75,0.0
350,0.45,5,0.65,0.0
350,0.45,5,0.75,0.0
350,0.5,5,0.65,0.0
350,0.5,5,0.75,0.0
350,0.55,5,0.65,0.0
350,0.55,5,0.75,0.0
350,0.6,5,0.65,0.0
350,0.6,5,0.75,0.0
350,0.65,5,0.65,0.07
350,0.65,5,0.75,0.0
350,0.7,5,0.75,0.0
350,0.75,5,0.75,0.06
400,0.25,5,0.65,0.0
400,0.25,5,0.75,0.0
400,0.3,5,0.65,0.0
400,0.3,5,0.75,0.0
400,0.35,5,0.65,0.0
400,0.35,5,0.75,0.0
400,0.4,5,0.65,0.0
400,0.4,5,0.75,0.0
400,0.45,5,0.65,0.0
400,0.45,5,0.75,0.0
400,0.5,5,0.65,0.0
400,0.5,5,0.75,0.0
400,0.55,5,0.65,0.0
400,0.55,5,0.75,0.0
400,0.6,5,0.65,0.01
400,0.6,5,0.75,0.0
400,0.65,5,0.65,0.05
400,0.65,5,0.75,0.0
400,0.7,5,0.75,0.01
400,0.75,5,0.75,0.08
450,0.25,5,0.65,0.0
450,0.25,5,0.75,0.0
450,0.3,5,0.65,0.0
450,0.3,5,0.75,0.0
450,0.35,5,0.65,0.0
450,0.35,5,0.75,0.0
450,0.4,5,0.65,0.0
450,0.4,5,0.75,0.0
450,0.45,5,0.65,0.0
450,0.45,5,0.75,0.0
450,0.5,5,0.65,0.0
450,0.5,5,0.75,0.0
450,0.55,5,0.65,0.0
450,0.55,5,0.75,0.0
450,0.6,5,0.65,0.0
450,0.6,5,0.75,0.0
450,0.65,5,0.65,0.06
450,0.65,5,0.75,0.0
450,0.7,5,0.75,0.0
450,0.75,5,0.75,0.02
500,0.25,5,0.65,0.0
500,0.25,5,0.75,0.0
500,0.3,5,0.65,0.0
500,0.3,5,0.75,0.0
500,0.35,5,0.65,0.0
500,0.35,5,0.75,0.0
500,0.4,5,0.65,0.0
500,0.4,5,0.75,0.0
500,0.45,5,0.65,0.0
500,0.45,5,0.75,0.0
500,0.5,5,0.65,0.0
500,0.5,5,0.75,0.0
500,0.55,5,0.65,0.0
500,0.55,5,0.75,0.0
500,0.6,5,0.65,0.01
500,0.6,5,0.75,0.0
500,0.65,5,0.65,0.06
500,0.65,5,0.75,0.0
500,0.7,5,0.75,0.0
500,0.75,5,0.75,0.03
1000,0.25,5,0.65,0.0
1000,0.25,5,0.75,0.0
1000,0.3,5,0.65,0.0
1000,0.3,5,0.75,0.0
1000,0.35,5,0.65,0.0
1000,0.35,5,0.75,0.0
1000,0.4,5,0.65,0.0
1000,0.4,5,0.75,0.0
1000,0.45,5,0.65,0.0
1000,0.45,5,0.75,0.0
1000,0.5,5,0.65,0.0
1000,0.5,5,0.75,0.0
1000,0.55,5,0.65,0.0
1000,0.55,5,0.75,0.0
1000,0.6,5,0.65,0.0
1000,0.6,5,0.75,0.0
1000,0.65,5,0.65,0.04
1000,0.65,5,0.75,0.0
1000,0.7,5,0.75,0.0
1000,0.75,5,0.75,0.03
